{
  "manifest": {
    "publishingInformation": {
      "locales": {
        "en-US": {
          "preview": {
            "assets": {
              "mobileRectangle": {
                "images": [
                  {
                    "source": {
                      "location": "https://s3.amazonaws.com/CAPS-SSE/echo_developer/8d2d/3e5e51fa0c664a23bc7e183c3f920fbe/APP_PREVIEW_IMAGE?versionId\u003dwRgceGsHZ577VtTA0GUWgu8oUnC8NR2i\u0026X-Amz-Algorithm\u003dAWS4-HMAC-SHA256\u0026X-Amz-Date\u003d20250317T220736Z\u0026X-Amz-SignedHeaders\u003dhost\u0026X-Amz-Expires\u003d7200\u0026X-Amz-Credential\u003dAKIAWBV6LQ4QCGJOUUVM%2F20250317%2Fus-east-1%2Fs3%2Faws4_request\u0026X-Amz-Signature\u003dfa7bbe0bbc14bdf1115e26a98e6a914d8f6b629832b4874338c92ab078f070e2",
                      "type": "URI"
                    }
                  }
                ]
              }
            }
          },
          "summary": "94.1 Turn It Up Radio is your number one source for Hip-Hop R\u0026B throwbacks and Indie music",
          "examplePhrases": [
            "Alexa, open ninety four point one radio",
            "Alexa, start ninety four point one radio",
            "Alexa, launch ninety four point one radio"
          ],
          "keywords": [
            "music",
            "radio",
            "djs",
            "dj",
            "mixes",
            "hip-hop",
            "rap",
            "r\u0026b",
            "throwback",
            "internat",
            "radio",
            "fleet",
            "radio",
            "network",
            "dj",
            "chaoz"
          ],
          "name": "94.1 Turn It Up",
          "description": "94.1 Turn It Up Radio is amongst the best radio formats in the USA.  Featuring the hottest music from across the globe.  24/7 onliine radio station and the best production and music programming. Focussing on good music and entertainment, turn us way up!",
          "smallIconUri": "file://assets/images/en-US_smallIconUri.png",
          "largeIconUri": "file://assets/images/en-US_largeIconUri.png"
        },
        "en-CA": {
          "preview": {
            "assets": {
              "mobileRectangle": {
                "images": [
                  {
                    "source": {
                      "location": "https://s3.amazonaws.com/CAPS-SSE/echo_developer/8d2d/3e5e51fa0c664a23bc7e183c3f920fbe/APP_PREVIEW_IMAGE?versionId\u003dwRgceGsHZ577VtTA0GUWgu8oUnC8NR2i\u0026X-Amz-Algorithm\u003dAWS4-HMAC-SHA256\u0026X-Amz-Date\u003d20250317T220736Z\u0026X-Amz-SignedHeaders\u003dhost\u0026X-Amz-Expires\u003d7200\u0026X-Amz-Credential\u003dAKIAWBV6LQ4QCGJOUUVM%2F20250317%2Fus-east-1%2Fs3%2Faws4_request\u0026X-Amz-Signature\u003dfa7bbe0bbc14bdf1115e26a98e6a914d8f6b629832b4874338c92ab078f070e2",
                      "type": "URI"
                    }
                  }
                ]
              }
            }
          },
          "summary": "94.1 Turn It Up Radio is your number one source for Hip-Hop R\u0026B throwbacks and Indie music",
          "examplePhrases": [
            "Alexa, open ninety four point one radio",
            "Alexa, start ninety four point one radio",
            "Alexa, launch ninety four point one radio"
          ],
          "keywords": [
            "music",
            "radio",
            "djs",
            "dj",
            "mixes",
            "hip-hop",
            "rap",
            "r\u0026b",
            "throwback",
            "internat",
            "radio",
            "fleet",
            "radio",
            "network",
            "dj",
            "chaoz"
          ],
          "name": "94.1 Turn It Up",
          "description": "94.1 Turn It Up Radio is amongst the best radio formats in the USA.  Featuring the hottest music from across the globe.  24/7 onliine radio station and the best production and music programming. Focussing on good music and entertainment, turn us way up!",
          "smallIconUri": "file://assets/images/en-CA_smallIconUri.png",
          "largeIconUri": "file://assets/images/en-CA_largeIconUri.png"
        },
        "en-IN": {
          "preview": {
            "assets": {
              "mobileRectangle": {
                "images": [
                  {
                    "source": {
                      "location": "https://s3.amazonaws.com/CAPS-SSE/echo_developer/8d2d/3e5e51fa0c664a23bc7e183c3f920fbe/APP_PREVIEW_IMAGE?versionId\u003dwRgceGsHZ577VtTA0GUWgu8oUnC8NR2i\u0026X-Amz-Algorithm\u003dAWS4-HMAC-SHA256\u0026X-Amz-Date\u003d20250317T220736Z\u0026X-Amz-SignedHeaders\u003dhost\u0026X-Amz-Expires\u003d7200\u0026X-Amz-Credential\u003dAKIAWBV6LQ4QCGJOUUVM%2F20250317%2Fus-east-1%2Fs3%2Faws4_request\u0026X-Amz-Signature\u003dfa7bbe0bbc14bdf1115e26a98e6a914d8f6b629832b4874338c92ab078f070e2",
                      "type": "URI"
                    }
                  }
                ]
              }
            }
          },
          "summary": "94.1 Turn It Up Radio is your number one source for Hip-Hop R\u0026B throwbacks and Indie music",
          "examplePhrases": [
            "Alexa, open ninety four point one radio",
            "Alexa, start ninety four point one radio",
            "Alexa, launch ninety four point one radio"
          ],
          "keywords": [
            "music",
            "radio",
            "djs",
            "dj",
            "mixes",
            "hip-hop",
            "rap",
            "r\u0026b",
            "throwback",
            "internat",
            "radio",
            "fleet",
            "radio",
            "network",
            "dj",
            "chaoz"
          ],
          "name": "94.1 Turn It Up",
          "description": "94.1 Turn It Up Radio is amongst the best radio formats in the USA.  Featuring the hottest music from across the globe.  24/7 onliine radio station and the best production and music programming. Focussing on good music and entertainment, turn us way up!",
          "smallIconUri": "file://assets/images/en-IN_smallIconUri.png",
          "largeIconUri": "file://assets/images/en-IN_largeIconUri.png"
        },
        "en-AU": {
          "preview": {
            "assets": {
              "mobileRectangle": {
                "images": [
                  {
                    "source": {
                      "location": "https://s3.amazonaws.com/CAPS-SSE/echo_developer/8d2d/3e5e51fa0c664a23bc7e183c3f920fbe/APP_PREVIEW_IMAGE?versionId\u003dwRgceGsHZ577VtTA0GUWgu8oUnC8NR2i\u0026X-Amz-Algorithm\u003dAWS4-HMAC-SHA256\u0026X-Amz-Date\u003d20250317T220736Z\u0026X-Amz-SignedHeaders\u003dhost\u0026X-Amz-Expires\u003d7200\u0026X-Amz-Credential\u003dAKIAWBV6LQ4QCGJOUUVM%2F20250317%2Fus-east-1%2Fs3%2Faws4_request\u0026X-Amz-Signature\u003dfa7bbe0bbc14bdf1115e26a98e6a914d8f6b629832b4874338c92ab078f070e2",
                      "type": "URI"
                    }
                  }
                ]
              }
            }
          },
          "summary": "94.1 Turn It Up Radio is your number one source for Hip-Hop R\u0026B throwbacks and Indie music",
          "examplePhrases": [
            "Alexa, open ninety four point one radio",
            "Alexa, start ninety four point one radio",
            "Alexa, launch ninety four point one radio"
          ],
          "keywords": [
            "music",
            "radio",
            "djs",
            "dj",
            "mixes",
            "hip-hop",
            "rap",
            "r\u0026b",
            "throwback",
            "internat",
            "radio",
            "fleet",
            "radio",
            "network",
            "dj",
            "chaoz"
          ],
          "name": "94.1 Turn It Up",
          "description": "94.1 Turn It Up Radio is amongst the best radio formats in the USA.  Featuring the hottest music from across the globe.  24/7 onliine radio station and the best production and music programming. Focussing on good music and entertainment, turn us way up!",
          "smallIconUri": "file://assets/images/en-AU_smallIconUri.png",
          "largeIconUri": "file://assets/images/en-AU_largeIconUri.png"
        },
        "en-GB": {
          "preview": {
            "assets": {
              "mobileRectangle": {
                "images": [
                  {
                    "source": {
                      "location": "https://s3.amazonaws.com/CAPS-SSE/echo_developer/8d2d/3e5e51fa0c664a23bc7e183c3f920fbe/APP_PREVIEW_IMAGE?versionId\u003dwRgceGsHZ577VtTA0GUWgu8oUnC8NR2i\u0026X-Amz-Algorithm\u003dAWS4-HMAC-SHA256\u0026X-Amz-Date\u003d20250317T220736Z\u0026X-Amz-SignedHeaders\u003dhost\u0026X-Amz-Expires\u003d7200\u0026X-Amz-Credential\u003dAKIAWBV6LQ4QCGJOUUVM%2F20250317%2Fus-east-1%2Fs3%2Faws4_request\u0026X-Amz-Signature\u003dfa7bbe0bbc14bdf1115e26a98e6a914d8f6b629832b4874338c92ab078f070e2",
                      "type": "URI"
                    }
                  }
                ]
              }
            }
          },
          "summary": "94.1 Turn It Up Radio is your number one source for Hip-Hop R\u0026B throwbacks and Indie music",
          "examplePhrases": [
            "Alexa, open ninety four point one radio",
            "Alexa, start ninety four point one radio",
            "Alexa, launch ninety four point one radio"
          ],
          "keywords": [
            "music",
            "radio",
            "djs",
            "dj",
            "mixes",
            "hip-hop",
            "rap",
            "r\u0026b",
            "throwback",
            "internat",
            "radio",
            "fleet",
            "radio",
            "network",
            "dj",
            "chaoz"
          ],
          "name": "94.1 Turn It Up",
          "description": "94.1 Turn It Up Radio is amongst the best radio formats in the USA.  Featuring the hottest music from across the globe.  24/7 onliine radio station and the best production and music programming. Focussing on good music and entertainment, turn us way up!",
          "smallIconUri": "file://assets/images/en-GB_smallIconUri.png",
          "largeIconUri": "file://assets/images/en-GB_largeIconUri.png"
        }
      },
      "automaticDistribution": {
        "isActive": false
      },
      "isAvailableWorldwide": true,
      "testingInstructions": "{\"ask_dist_username\":\"\",\"ask_dist_password\":\"\",\"ask_dist_testing_instructions\":\"No special instructions.\"}",
      "category": "RADIO",
      "automaticClonedLocale": {
        "locales": [
          {
            "source": "en-US"
          }
        ]
      },
      "distributionCountries": []
    },
    "apis": {
      "custom": {
        "endpoint": {
          "uri": "arn:aws:lambda:us-east-1:891376948204:function:13aa332d-5dde-4a56-9b61-871e912d7f03:Release_0"
        },
        "interfaces": [
          {
            "type": "AUDIO_PLAYER"
          },
          {
            "supportedViewports": [
              {
                "minHeight": 540,
                "mode": "TV",
                "shape": "RECTANGLE",
                "maxHeight": 540,
                "minWidth": 960,
                "maxWidth": 960
              },
              {
                "minHeight": 100,
                "mode": "HUB",
                "shape": "ROUND",
                "maxHeight": 599,
                "minWidth": 100,
                "maxWidth": 599
              },
              {
                "minHeight": 600,
                "mode": "HUB",
                "shape": "RECTANGLE",
                "maxHeight": 959,
                "minWidth": 960,
                "maxWidth": 1279
              },
              {
                "minHeight": 600,
                "mode": "HUB",
                "shape": "RECTANGLE",
                "maxHeight": 1279,
                "minWidth": 1280,
                "maxWidth": 1920
              },
              {
                "minHeight": 100,
                "mode": "HUB",
                "shape": "RECTANGLE",
                "maxHeight": 599,
                "minWidth": 960,
                "maxWidth": 1279
              },
              {
                "minHeight": 960,
                "mode": "HUB",
                "shape": "RECTANGLE",
                "maxHeight": 1279,
                "minWidth": 1920,
                "maxWidth": 2560
              },
              {
                "minHeight": 1920,
                "mode": "HUB",
                "shape": "RECTANGLE",
                "maxHeight": 2560,
                "minWidth": 960,
                "maxWidth": 1279
              },
              {
                "minHeight": 320,
                "mode": "MOBILE",
                "shape": "RECTANGLE",
                "maxHeight": 1920,
                "minWidth": 600,
                "maxWidth": 959
              },
              {
                "minHeight": 320,
                "mode": "MOBILE",
                "shape": "RECTANGLE",
                "maxHeight": 1920,
                "minWidth": 960,
                "maxWidth": 1279
              },
              {
                "minHeight": 320,
                "mode": "MOBILE",
                "shape": "RECTANGLE",
                "maxHeight": 1920,
                "minWidth": 1280,
                "maxWidth": 1920
              }
            ],
            "type": "ALEXA_PRESENTATION_APL"
          }
        ],
        "locales": {},
        "regions": {
          "EU": {
            "endpoint": {
              "uri": "arn:aws:lambda:eu-west-1:891376948204:function:13aa332d-5dde-4a56-9b61-871e912d7f03:Release_0"
            }
          },
          "NA": {
            "endpoint": {
              "uri": "arn:aws:lambda:us-east-1:891376948204:function:13aa332d-5dde-4a56-9b61-871e912d7f03:Release_0"
            }
          },
          "FE": {
            "endpoint": {
              "uri": "arn:aws:lambda:us-west-2:891376948204:function:13aa332d-5dde-4a56-9b61-871e912d7f03:Release_0"
            }
          }
        }
      }
    },
    "manifestVersion": "1.0",
    "privacyAndCompliance": {
      "allowsPurchases": false,
      "locales": {
        "en-US": {
          "termsOfUseUrl": "https://www.fleetradionetwork.com/terms",
          "privacyPolicyUrl": "https://www.fleetradionetwork.com/privacy-policy"
        },
        "en-CA": {
          "termsOfUseUrl": "https://www.fleetradionetwork.com/terms",
          "privacyPolicyUrl": "https://www.fleetradionetwork.com/privacy-policy"
        },
        "en-IN": {
          "termsOfUseUrl": "https://www.fleetradionetwork.com/terms",
          "privacyPolicyUrl": "https://www.fleetradionetwork.com/privacy-policy"
        },
        "en-AU": {
          "termsOfUseUrl": "https://www.fleetradionetwork.com/terms",
          "privacyPolicyUrl": "https://www.fleetradionetwork.com/privacy-policy"
        },
        "en-GB": {
          "termsOfUseUrl": "https://www.fleetradionetwork.com/terms",
          "privacyPolicyUrl": "https://www.fleetradionetwork.com/privacy-policy"
        }
      },
      "containsAds": false,
      "isExportCompliant": true,
      "isChildDirected": false,
      "shoppingKit": {
        "isShoppingActionsEnabled": false,
        "isAmazonAssociatesOnAlexaEnabled": false
      },
      "usesPersonalInfo": false
    }
  }
}